<?xml version="1.0" encoding="UTF-8"?>
<project-private xmlns="http://www.netbeans.org/ns/project-private/1">
    <editor-bookmarks xmlns="http://www.netbeans.org/ns/editor-bookmarks/2" lastBookmarkId="0"/>
    <open-files xmlns="http://www.netbeans.org/ns/projectui-open-files/2">
        <group>
            <file>file:/C:/Users/levin/Documents/NetBeansProjects/IM2%20Project%20-%20Hardware%20Management%20System/src/Login/LoginUserControl.java</file>
            <file>file:/C:/Users/levin/Documents/NetBeansProjects/IM2%20Project%20-%20Hardware%20Management%20System/src/Login/frmLogin.java</file>
            <file>file:/C:/Users/levin/Documents/NetBeansProjects/IM2%20Project%20-%20Hardware%20Management%20System/src/SplashScreen/frmSplash.java</file>
            <file>file:/C:/Users/levin/Documents/NetBeansProjects/IM2%20Project%20-%20Hardware%20Management%20System/src/Login/LoginEncryption.java</file>
            <file>file:/C:/Users/levin/Documents/NetBeansProjects/IM2%20Project%20-%20Hardware%20Management%20System/src/Forms/frmCategory.java</file>
            <file>file:/C:/Users/levin/Documents/NetBeansProjects/IM2%20Project%20-%20Hardware%20Management%20System/src/Forms/frmAdmin.java</file>
            <file>file:/C:/Users/levin/Documents/NetBeansProjects/IM2%20Project%20-%20Hardware%20Management%20System/src/Forms/frmInventory.java</file>
        </group>
    </open-files>
</project-private>
